<?xml version="1.0" encoding="UTF-8"?>
<beans xmlns="http://www.springframework.org/schema/beans"
	xmlns:xsi="http://www.w3.org/2001/XMLSchema-instance" xmlns:context="http://www.springframework.org/schema/context"
	xsi:schemaLocation="http://www.springframework.org/schema/beans http://www.springframework.org/schema/beans/spring-beans.xsd
		http://www.springframework.org/schema/context http://www.springframework.org/schema/context/spring-context-3.0.xsd">   
  
<context:component-scan base-package="com.controller"></context:component-scan>  
  
<bean
		class="org.springframework.web.servlet.view.InternalResourceViewResolver">
		<property name="prefix" value="/WEB-INF/pages/" />
		<property name="suffix" value=".jsp" />
	</bean>  
  
<bean id="ds" class="org.springframework.jdbc.datasource.DriverManagerDataSource">  
<property name="driverClassName" value="oracle.jdbc.driver.OracleDriver"></property> 
<property name="url" value="jdbc:oracle:thin:@localhost:1521:xe" />
<property name="username" value="system"></property>  
<property name="password" value="newuser123"></property>  
</bean>  
  
<bean id="jt" class="org.springframework.jdbc.core.JdbcTemplate">  
<property name="dataSource" ref="ds"></property>  
</bean>  
  
<bean id="dao" class="com.dao.AdminDaoImpl">  
<property name="template" ref="jt"></property>  
</bean>  
</beans>